on_off_ratio,adc_4bit,adc_6bit,adc_8bit
50,0.53125,0.515625,0.510417
100,0.53125,0.53125,0.526042
300,0.53125,0.53125,0.53125
1000,0.515625,0.53125,0.53125
